NC_023842.1	Danaus plexippus plexippus iteravirus	species
NC_023842.1	Viruses	superkingdom
NC_023842.1	Monodnaviria	clade
NC_023842.1	Shotokuvirae	kingdom
NC_023842.1	Cossaviricota	phylum
NC_023842.1	Quintoviricetes	class
NC_023842.1	Piccovirales	order
NC_023842.1	Parvoviridae	family
NC_023842.1	Densovirinae	subfamily
NC_023842.1	Iteradensovirus	genus
NC_023842.1	unclassified Iteravirus	no rank
NC_004287.1	Bombyx mori densovirus 5	no rank
NC_004287.1	Viruses	superkingdom
NC_004287.1	Monodnaviria	clade
NC_004287.1	Shotokuvirae	kingdom
NC_004287.1	Cossaviricota	phylum
NC_004287.1	Quintoviricetes	class
NC_004287.1	Piccovirales	order
NC_004287.1	Parvoviridae	family
NC_004287.1	Densovirinae	subfamily
NC_004287.1	Iteradensovirus	genus
NC_004287.1	Lepidopteran iteradensovirus 1	species
NC_004287.1	Bombyx mori densovirus	no rank
NC_003346.1	Bombyx mori densovirus 1	no rank
NC_003346.1	Viruses	superkingdom
NC_003346.1	Monodnaviria	clade
NC_003346.1	Shotokuvirae	kingdom
NC_003346.1	Cossaviricota	phylum
NC_003346.1	Quintoviricetes	class
NC_003346.1	Piccovirales	order
NC_003346.1	Parvoviridae	family
NC_003346.1	Densovirinae	subfamily
NC_003346.1	Iteradensovirus	genus
NC_003346.1	Lepidopteran iteradensovirus 1	species
NC_018399.1	Sibine fusca densovirus	no rank
NC_018399.1	Viruses	superkingdom
NC_018399.1	Monodnaviria	clade
NC_018399.1	Shotokuvirae	kingdom
NC_018399.1	Cossaviricota	phylum
NC_018399.1	Quintoviricetes	class
NC_018399.1	Piccovirales	order
NC_018399.1	Parvoviridae	family
NC_018399.1	Densovirinae	subfamily
NC_018399.1	Iteradensovirus	genus
NC_018399.1	Lepidopteran iteradensovirus 2	species
NC_004288.1	Casphalia extranea densovirus	no rank
NC_004288.1	Viruses	superkingdom
NC_004288.1	Monodnaviria	clade
NC_004288.1	Shotokuvirae	kingdom
NC_004288.1	Cossaviricota	phylum
NC_004288.1	Quintoviricetes	class
NC_004288.1	Piccovirales	order
NC_004288.1	Parvoviridae	family
NC_004288.1	Densovirinae	subfamily
NC_004288.1	Iteradensovirus	genus
NC_004288.1	Lepidopteran iteradensovirus 2	species
NC_018450.1	Papilio polyxenes densovirus	no rank
NC_018450.1	Viruses	superkingdom
NC_018450.1	Monodnaviria	clade
NC_018450.1	Shotokuvirae	kingdom
NC_018450.1	Cossaviricota	phylum
NC_018450.1	Quintoviricetes	class
NC_018450.1	Piccovirales	order
NC_018450.1	Parvoviridae	family
NC_018450.1	Densovirinae	subfamily
NC_018450.1	Iteradensovirus	genus
NC_018450.1	Lepidopteran iteradensovirus 4	species
NC_006555.1	Dendrolimus punctatus densovirus	no rank
NC_006555.1	Viruses	superkingdom
NC_006555.1	Monodnaviria	clade
NC_006555.1	Shotokuvirae	kingdom
NC_006555.1	Cossaviricota	phylum
NC_006555.1	Quintoviricetes	class
NC_006555.1	Piccovirales	order
NC_006555.1	Parvoviridae	family
NC_006555.1	Densovirinae	subfamily
NC_006555.1	Iteradensovirus	genus
NC_006555.1	Lepidopteran iteradensovirus 3	species
NC_015718.1	Helicoverpa armigera densovirus	no rank
NC_015718.1	Viruses	superkingdom
NC_015718.1	Monodnaviria	clade
NC_015718.1	Shotokuvirae	kingdom
NC_015718.1	Cossaviricota	phylum
NC_015718.1	Quintoviricetes	class
NC_015718.1	Piccovirales	order
NC_015718.1	Parvoviridae	family
NC_015718.1	Densovirinae	subfamily
NC_015718.1	Iteradensovirus	genus
NC_015718.1	Lepidopteran iteradensovirus 5	species
NC_030296.1	Diaphorina citri densovirus	no rank
NC_030296.1	Viruses	superkingdom
NC_030296.1	Monodnaviria	clade
NC_030296.1	Shotokuvirae	kingdom
NC_030296.1	Cossaviricota	phylum
NC_030296.1	Quintoviricetes	class
NC_030296.1	Piccovirales	order
NC_030296.1	Parvoviridae	family
NC_030296.1	Densovirinae	subfamily
NC_030296.1	Diciambidensovirus	genus
NC_030296.1	Hemipteran diciambidensovirus 1	species
NC_031450.1	Parus major densovirus	species
NC_031450.1	Viruses	superkingdom
NC_031450.1	Monodnaviria	clade
NC_031450.1	Shotokuvirae	kingdom
NC_031450.1	Cossaviricota	phylum
NC_031450.1	Quintoviricetes	class
NC_031450.1	Piccovirales	order
NC_031450.1	Parvoviridae	family
NC_031450.1	Densovirinae	subfamily
NC_031450.1	unclassified Densovirinae	no rank
NC_005041.2	Blattella germanica densovirus 1	no rank
NC_005041.2	Viruses	superkingdom
NC_005041.2	Monodnaviria	clade
NC_005041.2	Shotokuvirae	kingdom
NC_005041.2	Cossaviricota	phylum
NC_005041.2	Quintoviricetes	class
NC_005041.2	Piccovirales	order
NC_005041.2	Parvoviridae	family
NC_005041.2	Densovirinae	subfamily
NC_005041.2	Blattambidensovirus	genus
NC_005041.2	Blattodean blattambidensovirus 1	species
NC_019492.1	Pseudoplusia includens densovirus	no rank
NC_019492.1	Viruses	superkingdom
NC_019492.1	Monodnaviria	clade
NC_019492.1	Shotokuvirae	kingdom
NC_019492.1	Cossaviricota	phylum
NC_019492.1	Quintoviricetes	class
NC_019492.1	Piccovirales	order
NC_019492.1	Parvoviridae	family
NC_019492.1	Densovirinae	subfamily
NC_019492.1	Ambidensovirus	genus
NC_019492.1	Lepidopteran ambidensovirus 1	species
NC_019492.1	Junonia coenia densovirus	no rank
NC_004284.1	Junonia coenia densovirus	no rank
NC_004284.1	Viruses	superkingdom
NC_004284.1	Monodnaviria	clade
NC_004284.1	Shotokuvirae	kingdom
NC_004284.1	Cossaviricota	phylum
NC_004284.1	Quintoviricetes	class
NC_004284.1	Piccovirales	order
NC_004284.1	Parvoviridae	family
NC_004284.1	Densovirinae	subfamily
NC_004284.1	Ambidensovirus	genus
NC_004284.1	Lepidopteran ambidensovirus 1	species
NC_001899.1	Diatraea saccharalis densovirus	species
NC_001899.1	Viruses	superkingdom
NC_001899.1	Monodnaviria	clade
NC_001899.1	Shotokuvirae	kingdom
NC_001899.1	Cossaviricota	phylum
NC_001899.1	Quintoviricetes	class
NC_001899.1	Piccovirales	order
NC_001899.1	Parvoviridae	family
NC_001899.1	Densovirinae	subfamily
NC_001899.1	unclassified Densovirinae	no rank
NC_005341.1	Mythimna loreyi densovirus	no rank
NC_005341.1	Viruses	superkingdom
NC_005341.1	Monodnaviria	clade
NC_005341.1	Shotokuvirae	kingdom
NC_005341.1	Cossaviricota	phylum
NC_005341.1	Quintoviricetes	class
NC_005341.1	Piccovirales	order
NC_005341.1	Parvoviridae	family
NC_005341.1	Densovirinae	subfamily
NC_005341.1	Ambidensovirus	genus
NC_005341.1	Lepidopteran ambidensovirus 1	species
NC_005341.1	Junonia coenia densovirus	no rank
NC_004286.1	Galleria mellonella densovirus	no rank
NC_004286.1	Viruses	superkingdom
NC_004286.1	Monodnaviria	clade
NC_004286.1	Shotokuvirae	kingdom
NC_004286.1	Cossaviricota	phylum
NC_004286.1	Quintoviricetes	class
NC_004286.1	Piccovirales	order
NC_004286.1	Parvoviridae	family
NC_004286.1	Densovirinae	subfamily
NC_004286.1	Protoambidensovirus	genus
NC_004286.1	Lepidopteran protoambidensovirus 1	species
NC_012685.1	Culex pipiens densovirus	no rank
NC_012685.1	Viruses	superkingdom
NC_012685.1	Monodnaviria	clade
NC_012685.1	Shotokuvirae	kingdom
NC_012685.1	Cossaviricota	phylum
NC_012685.1	Quintoviricetes	class
NC_012685.1	Piccovirales	order
NC_012685.1	Parvoviridae	family
NC_012685.1	Densovirinae	subfamily
NC_012685.1	Protoambidensovirus	genus
NC_012685.1	Dipteran protoambidensovirus 1	species
NC_026943.1	Cherax quadricarinatus densovirus	no rank
NC_026943.1	Viruses	superkingdom
NC_026943.1	Monodnaviria	clade
NC_026943.1	Shotokuvirae	kingdom
NC_026943.1	Cossaviricota	phylum
NC_026943.1	Quintoviricetes	class
NC_026943.1	Piccovirales	order
NC_026943.1	Parvoviridae	family
NC_026943.1	Densovirinae	subfamily
NC_026943.1	Aquambidensovirus	genus
NC_026943.1	Decapod aquambidensovirus 1	species
NC_038532.1	Sea star-associated densovirus	no rank
NC_038532.1	Viruses	superkingdom
NC_038532.1	Monodnaviria	clade
NC_038532.1	Shotokuvirae	kingdom
NC_038532.1	Cossaviricota	phylum
NC_038532.1	Quintoviricetes	class
NC_038532.1	Piccovirales	order
NC_038532.1	Parvoviridae	family
NC_038532.1	Densovirinae	subfamily
NC_038532.1	Aquambidensovirus	genus
NC_038532.1	Asteroid aquambidensovirus 1	species
NC_000936.1	Periplaneta fuliginosa densovirus	no rank
NC_000936.1	Viruses	superkingdom
NC_000936.1	Monodnaviria	clade
NC_000936.1	Shotokuvirae	kingdom
NC_000936.1	Cossaviricota	phylum
NC_000936.1	Quintoviricetes	class
NC_000936.1	Piccovirales	order
NC_000936.1	Parvoviridae	family
NC_000936.1	Densovirinae	subfamily
NC_000936.1	Pefuambidensovirus	genus
NC_000936.1	Blattodean pefuambidensovirus 1	species
NC_005040.1	Myzus persicae densovirus 1	no rank
NC_005040.1	Viruses	superkingdom
NC_005040.1	Monodnaviria	clade
NC_005040.1	Shotokuvirae	kingdom
NC_005040.1	Cossaviricota	phylum
NC_005040.1	Quintoviricetes	class
NC_005040.1	Piccovirales	order
NC_005040.1	Parvoviridae	family
NC_005040.1	Densovirinae	subfamily
NC_005040.1	Hemiambidensovirus	genus
NC_005040.1	Hemipteran hemiambidensovirus 2	species
NC_034532.1	Dysaphis plantaginea densovirus	no rank
NC_034532.1	Viruses	superkingdom
NC_034532.1	Monodnaviria	clade
NC_034532.1	Shotokuvirae	kingdom
NC_034532.1	Cossaviricota	phylum
NC_034532.1	Quintoviricetes	class
NC_034532.1	Piccovirales	order
NC_034532.1	Parvoviridae	family
NC_034532.1	Densovirinae	subfamily
NC_034532.1	Ambidensovirus	genus
NC_034532.1	Hemipteran ambidensovirus 2	species
NC_040626.1	Bombus cryptarum densovirus	species
NC_040626.1	Viruses	superkingdom
NC_040626.1	Monodnaviria	clade
NC_040626.1	Shotokuvirae	kingdom
NC_040626.1	Cossaviricota	phylum
NC_040626.1	Quintoviricetes	class
NC_040626.1	Piccovirales	order
NC_040626.1	Parvoviridae	family
NC_040626.1	Densovirinae	subfamily
NC_040626.1	unclassified Densovirinae	no rank
NC_004290.1	Acheta domestica densovirus	no rank
NC_004290.1	Viruses	superkingdom
NC_004290.1	Monodnaviria	clade
NC_004290.1	Shotokuvirae	kingdom
NC_004290.1	Cossaviricota	phylum
NC_004290.1	Quintoviricetes	class
NC_004290.1	Piccovirales	order
NC_004290.1	Parvoviridae	family
NC_004290.1	Densovirinae	subfamily
NC_004290.1	Scindoambidensovirus	genus
NC_004290.1	Orthopteran scindoambidensovirus 1	species
NC_022748.1	Solenopsis invicta densovirus	no rank
NC_022748.1	Viruses	superkingdom
NC_022748.1	Monodnaviria	clade
NC_022748.1	Shotokuvirae	kingdom
NC_022748.1	Cossaviricota	phylum
NC_022748.1	Quintoviricetes	class
NC_022748.1	Piccovirales	order
NC_022748.1	Parvoviridae	family
NC_022748.1	Densovirinae	subfamily
NC_022748.1	Scindoambidensovirus	genus
NC_022748.1	Hymenopteran scindoambidensovirus 1	species
NC_039043.1	Penaeus stylirostris penstyldensovirus 1	no rank
NC_039043.1	Viruses	superkingdom
NC_039043.1	Monodnaviria	clade
NC_039043.1	Shotokuvirae	kingdom
NC_039043.1	Cossaviricota	phylum
NC_039043.1	Quintoviricetes	class
NC_039043.1	Piccovirales	order
NC_039043.1	Parvoviridae	family
NC_039043.1	Hamaparvovirinae	subfamily
NC_039043.1	Penstylhamaparvovirus	genus
NC_039043.1	Decapod penstylhamaparvovirus 1	species
NC_002190.2	Decapod penstyldensovirus 1	species
NC_002190.2	Viruses	superkingdom
NC_002190.2	Monodnaviria	clade
NC_002190.2	Shotokuvirae	kingdom
NC_002190.2	Cossaviricota	phylum
NC_002190.2	Quintoviricetes	class
NC_002190.2	Piccovirales	order
NC_002190.2	Parvoviridae	family
NC_002190.2	Densovirinae	subfamily
NC_002190.2	Penstyldensovirus	genus
NC_012729.2	Human bocavirus 4 NI	no rank
NC_012729.2	Viruses	superkingdom
NC_012729.2	Monodnaviria	clade
NC_012729.2	Shotokuvirae	kingdom
NC_012729.2	Cossaviricota	phylum
NC_012729.2	Quintoviricetes	class
NC_012729.2	Piccovirales	order
NC_012729.2	Parvoviridae	family
NC_012729.2	Parvovirinae	subfamily
NC_012729.2	Bocaparvovirus	genus
NC_012729.2	Primate bocaparvovirus 2	species
NC_012042.1	Human bocavirus 2c PK	no rank
NC_012042.1	Viruses	superkingdom
NC_012042.1	Monodnaviria	clade
NC_012042.1	Shotokuvirae	kingdom
NC_012042.1	Cossaviricota	phylum
NC_012042.1	Quintoviricetes	class
NC_012042.1	Piccovirales	order
NC_012042.1	Parvoviridae	family
NC_012042.1	Parvovirinae	subfamily
NC_012042.1	Bocaparvovirus	genus
NC_012042.1	Primate bocaparvovirus 2	species
NC_014358.1	Bocavirus gorilla/GBoV1/2009	no rank
NC_014358.1	Viruses	superkingdom
NC_014358.1	Monodnaviria	clade
NC_014358.1	Shotokuvirae	kingdom
NC_014358.1	Cossaviricota	phylum
NC_014358.1	Quintoviricetes	class
NC_014358.1	Piccovirales	order
NC_014358.1	Parvoviridae	family
NC_014358.1	Parvovirinae	subfamily
NC_014358.1	Bocaparvovirus	genus
NC_014358.1	Primate bocaparvovirus 1	species
NC_014358.1	Gorilla bocavirus	no rank
NC_012564.1	Human bocavirus 3	no rank
NC_012564.1	Viruses	superkingdom
NC_012564.1	Monodnaviria	clade
NC_012564.1	Shotokuvirae	kingdom
NC_012564.1	Cossaviricota	phylum
NC_012564.1	Quintoviricetes	class
NC_012564.1	Piccovirales	order
NC_012564.1	Parvoviridae	family
NC_012564.1	Parvovirinae	subfamily
NC_012564.1	Bocaparvovirus	genus
NC_012564.1	Primate bocaparvovirus 1	species
NC_007455.1	Primate bocaparvovirus 1	species
NC_007455.1	Viruses	superkingdom
NC_007455.1	Monodnaviria	clade
NC_007455.1	Shotokuvirae	kingdom
NC_007455.1	Cossaviricota	phylum
NC_007455.1	Quintoviricetes	class
NC_007455.1	Piccovirales	order
NC_007455.1	Parvoviridae	family
NC_007455.1	Parvovirinae	subfamily
NC_007455.1	Bocaparvovirus	genus
NC_055583.1	Primate bocaparvovirus 3	species
NC_055583.1	Viruses	superkingdom
NC_055583.1	Monodnaviria	clade
NC_055583.1	Shotokuvirae	kingdom
NC_055583.1	Cossaviricota	phylum
NC_055583.1	Quintoviricetes	class
NC_055583.1	Piccovirales	order
NC_055583.1	Parvoviridae	family
NC_055583.1	Parvovirinae	subfamily
NC_055583.1	Bocaparvovirus	genus
NC_039045.1	Myotis myotis bocavirus 1	no rank
NC_039045.1	Viruses	superkingdom
NC_039045.1	Monodnaviria	clade
NC_039045.1	Shotokuvirae	kingdom
NC_039045.1	Cossaviricota	phylum
NC_039045.1	Quintoviricetes	class
NC_039045.1	Piccovirales	order
NC_039045.1	Parvoviridae	family
NC_039045.1	Parvovirinae	subfamily
NC_039045.1	Bocaparvovirus	genus
NC_039045.1	Chiropteran bocaparvovirus 1	species
NC_038535.1	California sea lion bocavirus 1	no rank
NC_038535.1	Viruses	superkingdom
NC_038535.1	Monodnaviria	clade
NC_038535.1	Shotokuvirae	kingdom
NC_038535.1	Cossaviricota	phylum
NC_038535.1	Quintoviricetes	class
NC_038535.1	Piccovirales	order
NC_038535.1	Parvoviridae	family
NC_038535.1	Parvovirinae	subfamily
NC_038535.1	Bocaparvovirus	genus
NC_038535.1	Pinniped bocaparvovirus 1	species
NC_020499.1	Canine bocavirus 1	no rank
NC_020499.1	Viruses	superkingdom
NC_020499.1	Monodnaviria	clade
NC_020499.1	Shotokuvirae	kingdom
NC_020499.1	Cossaviricota	phylum
NC_020499.1	Quintoviricetes	class
NC_020499.1	Piccovirales	order
NC_020499.1	Parvoviridae	family
NC_020499.1	Parvovirinae	subfamily
NC_020499.1	Bocaparvovirus	genus
NC_020499.1	Carnivore bocaparvovirus 2	species
NC_038536.1	California sea lion bocavirus 3	no rank
NC_038536.1	Viruses	superkingdom
NC_038536.1	Monodnaviria	clade
NC_038536.1	Shotokuvirae	kingdom
NC_038536.1	Cossaviricota	phylum
NC_038536.1	Quintoviricetes	class
NC_038536.1	Piccovirales	order
NC_038536.1	Parvoviridae	family
NC_038536.1	Parvovirinae	subfamily
NC_038536.1	Bocaparvovirus	genus
NC_038536.1	Pinniped bocaparvovirus 2	species
NC_039047.1	Bat bocavirus XM30	no rank
NC_039047.1	Viruses	superkingdom
NC_039047.1	Monodnaviria	clade
NC_039047.1	Shotokuvirae	kingdom
NC_039047.1	Cossaviricota	phylum
NC_039047.1	Quintoviricetes	class
NC_039047.1	Piccovirales	order
NC_039047.1	Parvoviridae	family
NC_039047.1	Parvovirinae	subfamily
NC_039047.1	Bocaparvovirus	genus
NC_039047.1	Chiropteran bocaparvovirus 3	species
NC_029300.1	Bat bocavirus	species
NC_029300.1	Viruses	superkingdom
NC_029300.1	Monodnaviria	clade
NC_029300.1	Shotokuvirae	kingdom
NC_029300.1	Cossaviricota	phylum
NC_029300.1	Quintoviricetes	class
NC_029300.1	Piccovirales	order
NC_029300.1	Parvoviridae	family
NC_029300.1	Parvovirinae	subfamily
NC_029300.1	Bocaparvovirus	genus
NC_029300.1	unclassified Bocaparvovirus	no rank
NC_030873.1	Mink bocavirus 1	no rank
NC_030873.1	Viruses	superkingdom
NC_030873.1	Monodnaviria	clade
NC_030873.1	Shotokuvirae	kingdom
NC_030873.1	Cossaviricota	phylum
NC_030873.1	Quintoviricetes	class
NC_030873.1	Piccovirales	order
NC_030873.1	Parvoviridae	family
NC_030873.1	Parvovirinae	subfamily
NC_030873.1	Bocaparvovirus	genus
NC_030873.1	Carnivore bocaparvovirus 6	species
NC_004442.1	Canine minute virus	no rank
NC_004442.1	Viruses	superkingdom
NC_004442.1	Monodnaviria	clade
NC_004442.1	Shotokuvirae	kingdom
NC_004442.1	Cossaviricota	phylum
NC_004442.1	Quintoviricetes	class
NC_004442.1	Piccovirales	order
NC_004442.1	Parvoviridae	family
NC_004442.1	Parvovirinae	subfamily
NC_004442.1	Bocaparvovirus	genus
NC_004442.1	Carnivore bocaparvovirus 1	species
NC_055487.1	Murine bocavirus	no rank
NC_055487.1	Viruses	superkingdom
NC_055487.1	Monodnaviria	clade
NC_055487.1	Shotokuvirae	kingdom
NC_055487.1	Cossaviricota	phylum
NC_055487.1	Quintoviricetes	class
NC_055487.1	Piccovirales	order
NC_055487.1	Parvoviridae	family
NC_055487.1	Parvovirinae	subfamily
NC_055487.1	Bocaparvovirus	genus
NC_055487.1	Rodent bocaparvovirus 2	species
NC_024453.2	Porcine bocavirus 1 pig/ZJD/China/2006	no rank
NC_024453.2	Viruses	superkingdom
NC_024453.2	Monodnaviria	clade
NC_024453.2	Shotokuvirae	kingdom
NC_024453.2	Cossaviricota	phylum
NC_024453.2	Quintoviricetes	class
NC_024453.2	Piccovirales	order
NC_024453.2	Parvoviridae	family
NC_024453.2	Parvovirinae	subfamily
NC_024453.2	Bocaparvovirus	genus
NC_024453.2	Ungulate bocaparvovirus 2	species
NC_024453.2	Porcine bocavirus 1	no rank
NC_017823.1	Feline bocavirus	no rank
NC_017823.1	Viruses	superkingdom
NC_017823.1	Monodnaviria	clade
NC_017823.1	Shotokuvirae	kingdom
NC_017823.1	Cossaviricota	phylum
NC_017823.1	Quintoviricetes	class
NC_017823.1	Piccovirales	order
NC_017823.1	Parvoviridae	family
NC_017823.1	Parvovirinae	subfamily
NC_017823.1	Bocaparvovirus	genus
NC_017823.1	Carnivore bocaparvovirus 3	species
NC_039044.1	Feline bocaparvovirus 3	no rank
NC_039044.1	Viruses	superkingdom
NC_039044.1	Monodnaviria	clade
NC_039044.1	Shotokuvirae	kingdom
NC_039044.1	Cossaviricota	phylum
NC_039044.1	Quintoviricetes	class
NC_039044.1	Piccovirales	order
NC_039044.1	Parvoviridae	family
NC_039044.1	Parvovirinae	subfamily
NC_039044.1	Bocaparvovirus	genus
NC_039044.1	Carnivore bocaparvovirus 5	species
NC_022800.1	Feline bocaparvovirus 2	no rank
NC_022800.1	Viruses	superkingdom
NC_022800.1	Monodnaviria	clade
NC_022800.1	Shotokuvirae	kingdom
NC_022800.1	Cossaviricota	phylum
NC_022800.1	Quintoviricetes	class
NC_022800.1	Piccovirales	order
NC_022800.1	Parvoviridae	family
NC_022800.1	Parvovirinae	subfamily
NC_022800.1	Bocaparvovirus	genus
NC_022800.1	Carnivore bocaparvovirus 4	species
NC_029133.1	Rat bocavirus	no rank
NC_029133.1	Viruses	superkingdom
NC_029133.1	Monodnaviria	clade
NC_029133.1	Shotokuvirae	kingdom
NC_029133.1	Cossaviricota	phylum
NC_029133.1	Quintoviricetes	class
NC_029133.1	Piccovirales	order
NC_029133.1	Parvoviridae	family
NC_029133.1	Parvovirinae	subfamily
NC_029133.1	Bocaparvovirus	genus
NC_029133.1	Rodent bocaparvovirus 1	species
NC_038538.1	Porcine bocavirus H18	no rank
NC_038538.1	Viruses	superkingdom
NC_038538.1	Monodnaviria	clade
NC_038538.1	Shotokuvirae	kingdom
NC_038538.1	Cossaviricota	phylum
NC_038538.1	Quintoviricetes	class
NC_038538.1	Piccovirales	order
NC_038538.1	Parvoviridae	family
NC_038538.1	Parvovirinae	subfamily
NC_038538.1	Bocaparvovirus	genus
NC_038538.1	Ungulate bocaparvovirus 4	species
NC_028973.1	Lagomorph bocaparvovirus 1	species
NC_028973.1	Viruses	superkingdom
NC_028973.1	Monodnaviria	clade
NC_028973.1	Shotokuvirae	kingdom
NC_028973.1	Cossaviricota	phylum
NC_028973.1	Quintoviricetes	class
NC_028973.1	Piccovirales	order
NC_028973.1	Parvoviridae	family
NC_028973.1	Parvovirinae	subfamily
NC_028973.1	Bocaparvovirus	genus
NC_040623.1	Rhinolophus pusillus bocaparvovirus 1	species
NC_040623.1	Viruses	superkingdom
NC_040623.1	Monodnaviria	clade
NC_040623.1	Shotokuvirae	kingdom
NC_040623.1	Cossaviricota	phylum
NC_040623.1	Quintoviricetes	class
NC_040623.1	Piccovirales	order
NC_040623.1	Parvoviridae	family
NC_040623.1	Parvovirinae	subfamily
NC_040623.1	Bocaparvovirus	genus
NC_040623.1	unclassified Bocaparvovirus	no rank
NC_040694.1	Rhinolophus pusillus bocaparvovirus 2	species
NC_040694.1	Viruses	superkingdom
NC_040694.1	Monodnaviria	clade
NC_040694.1	Shotokuvirae	kingdom
NC_040694.1	Cossaviricota	phylum
NC_040694.1	Quintoviricetes	class
NC_040694.1	Piccovirales	order
NC_040694.1	Parvoviridae	family
NC_040694.1	Parvovirinae	subfamily
NC_040694.1	Bocaparvovirus	genus
NC_040694.1	unclassified Bocaparvovirus	no rank
NC_031695.1	Rhinolophus sinicus bocaparvovirus	species
NC_031695.1	Viruses	superkingdom
NC_031695.1	Monodnaviria	clade
NC_031695.1	Shotokuvirae	kingdom
NC_031695.1	Cossaviricota	phylum
NC_031695.1	Quintoviricetes	class
NC_031695.1	Piccovirales	order
NC_031695.1	Parvoviridae	family
NC_031695.1	Parvovirinae	subfamily
NC_031695.1	Bocaparvovirus	genus
NC_031695.1	unclassified Bocaparvovirus	no rank
NC_039048.1	Miniopterus schreibersii bat bocavirus	no rank
NC_039048.1	Viruses	superkingdom
NC_039048.1	Monodnaviria	clade
NC_039048.1	Shotokuvirae	kingdom
NC_039048.1	Cossaviricota	phylum
NC_039048.1	Quintoviricetes	class
NC_039048.1	Piccovirales	order
NC_039048.1	Parvoviridae	family
NC_039048.1	Parvovirinae	subfamily
NC_039048.1	Bocaparvovirus	genus
NC_039048.1	Chiropteran bocaparvovirus 4	species
NC_040533.1	Lupine bocavirus	species
NC_040533.1	Viruses	superkingdom
NC_040533.1	Monodnaviria	clade
NC_040533.1	Shotokuvirae	kingdom
NC_040533.1	Cossaviricota	phylum
NC_040533.1	Quintoviricetes	class
NC_040533.1	Piccovirales	order
NC_040533.1	Parvoviridae	family
NC_040533.1	Parvovirinae	subfamily
NC_040533.1	Bocaparvovirus	genus
NC_040533.1	unclassified Bocaparvovirus	no rank
NC_040695.1	Rousettus leschenaultii bocaparvovirus 1	no rank
NC_040695.1	Viruses	superkingdom
NC_040695.1	Monodnaviria	clade
NC_040695.1	Shotokuvirae	kingdom
NC_040695.1	Cossaviricota	phylum
NC_040695.1	Quintoviricetes	class
NC_040695.1	Piccovirales	order
NC_040695.1	Parvoviridae	family
NC_040695.1	Parvovirinae	subfamily
NC_040695.1	Bocaparvovirus	genus
NC_040695.1	Chiropteran bocaparvovirus 5	species
NC_016647.1	Porcine bocavirus 5/JS677	no rank
NC_016647.1	Viruses	superkingdom
NC_016647.1	Monodnaviria	clade
NC_016647.1	Shotokuvirae	kingdom
NC_016647.1	Cossaviricota	phylum
NC_016647.1	Quintoviricetes	class
NC_016647.1	Piccovirales	order
NC_016647.1	Parvoviridae	family
NC_016647.1	Parvovirinae	subfamily
NC_016647.1	Bocaparvovirus	genus
NC_016647.1	unclassified Bocaparvovirus	no rank
NC_016647.1	Porcine bocavirus 5	species
NC_016032.1	Porcine bocavirus 4-1	no rank
NC_016032.1	Viruses	superkingdom
NC_016032.1	Monodnaviria	clade
NC_016032.1	Shotokuvirae	kingdom
NC_016032.1	Cossaviricota	phylum
NC_016032.1	Quintoviricetes	class
NC_016032.1	Piccovirales	order
NC_016032.1	Parvoviridae	family
NC_016032.1	Parvovirinae	subfamily
NC_016032.1	Bocaparvovirus	genus
NC_016032.1	Ungulate bocaparvovirus 5	species
NC_016031.1	Porcine bocavirus 3	no rank
NC_016031.1	Viruses	superkingdom
NC_016031.1	Monodnaviria	clade
NC_016031.1	Shotokuvirae	kingdom
NC_016031.1	Cossaviricota	phylum
NC_016031.1	Quintoviricetes	class
NC_016031.1	Piccovirales	order
NC_016031.1	Parvoviridae	family
NC_016031.1	Parvovirinae	subfamily
NC_016031.1	Bocaparvovirus	genus
NC_016031.1	Ungulate bocaparvovirus 5	species
NC_023673.1	Porcine bocavirus	species
NC_023673.1	Viruses	superkingdom
NC_023673.1	Monodnaviria	clade
NC_023673.1	Shotokuvirae	kingdom
NC_023673.1	Cossaviricota	phylum
NC_023673.1	Quintoviricetes	class
NC_023673.1	Piccovirales	order
NC_023673.1	Parvoviridae	family
NC_023673.1	Parvovirinae	subfamily
NC_023673.1	Bocaparvovirus	genus
NC_023673.1	unclassified Bocaparvovirus	no rank
NC_035186.1	Dromedary camel bocaparvovirus 1	no rank
NC_035186.1	Viruses	superkingdom
NC_035186.1	Monodnaviria	clade
NC_035186.1	Shotokuvirae	kingdom
NC_035186.1	Cossaviricota	phylum
NC_035186.1	Quintoviricetes	class
NC_035186.1	Piccovirales	order
NC_035186.1	Parvoviridae	family
NC_035186.1	Parvovirinae	subfamily
NC_035186.1	Bocaparvovirus	genus
NC_035186.1	Ungulate bocaparvovirus 7	species
NC_035185.1	Dromedary camel bocaparvovirus 2	no rank
NC_035185.1	Viruses	superkingdom
NC_035185.1	Monodnaviria	clade
NC_035185.1	Shotokuvirae	kingdom
NC_035185.1	Cossaviricota	phylum
NC_035185.1	Quintoviricetes	class
NC_035185.1	Piccovirales	order
NC_035185.1	Parvoviridae	family
NC_035185.1	Parvovirinae	subfamily
NC_035185.1	Bocaparvovirus	genus
NC_035185.1	Ungulate bocaparvovirus 8	species
NC_038895.1	Bovine parvovirus 1	no rank
NC_038895.1	Viruses	superkingdom
NC_038895.1	Monodnaviria	clade
NC_038895.1	Shotokuvirae	kingdom
NC_038895.1	Cossaviricota	phylum
NC_038895.1	Quintoviricetes	class
NC_038895.1	Piccovirales	order
NC_038895.1	Parvoviridae	family
NC_038895.1	Parvovirinae	subfamily
NC_038895.1	Bocaparvovirus	genus
NC_038895.1	Ungulate bocaparvovirus 1	species
NC_030402.1	Ungulate bocaparvovirus 6	species
NC_030402.1	Viruses	superkingdom
NC_030402.1	Monodnaviria	clade
NC_030402.1	Shotokuvirae	kingdom
NC_030402.1	Cossaviricota	phylum
NC_030402.1	Quintoviricetes	class
NC_030402.1	Piccovirales	order
NC_030402.1	Parvoviridae	family
NC_030402.1	Parvovirinae	subfamily
NC_030402.1	Bocaparvovirus	genus
NC_024452.1	Chicken parvovirus ABU-P1	no rank
NC_024452.1	Viruses	superkingdom
NC_024452.1	Monodnaviria	clade
NC_024452.1	Shotokuvirae	kingdom
NC_024452.1	Cossaviricota	phylum
NC_024452.1	Quintoviricetes	class
NC_024452.1	Piccovirales	order
NC_024452.1	Parvoviridae	family
NC_024452.1	Parvovirinae	subfamily
NC_024452.1	Aveparvovirus	genus
NC_024452.1	Galliform aveparvovirus 1	species
NC_038534.1	Turkey parvovirus 260	no rank
NC_038534.1	Viruses	superkingdom
NC_038534.1	Monodnaviria	clade
NC_038534.1	Shotokuvirae	kingdom
NC_038534.1	Cossaviricota	phylum
NC_038534.1	Quintoviricetes	class
NC_038534.1	Piccovirales	order
NC_038534.1	Parvoviridae	family
NC_038534.1	Parvovirinae	subfamily
NC_038534.1	Aveparvovirus	genus
NC_038534.1	Galliform aveparvovirus 1	species
NC_024454.1	Turkey parvovirus 1078	no rank
NC_024454.1	Viruses	superkingdom
NC_024454.1	Monodnaviria	clade
NC_024454.1	Shotokuvirae	kingdom
NC_024454.1	Cossaviricota	phylum
NC_024454.1	Quintoviricetes	class
NC_024454.1	Piccovirales	order
NC_024454.1	Parvoviridae	family
NC_024454.1	Parvovirinae	subfamily
NC_024454.1	Aveparvovirus	genus
NC_024454.1	Galliform aveparvovirus 1	species
NC_040603.1	Red-crowned crane parvovirus	no rank
NC_040603.1	Viruses	superkingdom
NC_040603.1	Monodnaviria	clade
NC_040603.1	Shotokuvirae	kingdom
NC_040603.1	Cossaviricota	phylum
NC_040603.1	Quintoviricetes	class
NC_040603.1	Piccovirales	order
NC_040603.1	Parvoviridae	family
NC_040603.1	Parvovirinae	subfamily
NC_040603.1	Aveparvovirus	genus
NC_040603.1	Gruiform aveparvovirus 1	species
NC_040672.1	Red-crowned crane parvovirus	no rank
NC_040672.1	Viruses	superkingdom
NC_040672.1	Monodnaviria	clade
NC_040672.1	Shotokuvirae	kingdom
NC_040672.1	Cossaviricota	phylum
NC_040672.1	Quintoviricetes	class
NC_040672.1	Piccovirales	order
NC_040672.1	Parvoviridae	family
NC_040672.1	Parvovirinae	subfamily
NC_040672.1	Aveparvovirus	genus
NC_040672.1	Gruiform aveparvovirus 1	species
NC_007018.1	Human parvovirus 4 G1	no rank
NC_007018.1	Viruses	superkingdom
NC_007018.1	Monodnaviria	clade
NC_007018.1	Shotokuvirae	kingdom
NC_007018.1	Cossaviricota	phylum
NC_007018.1	Quintoviricetes	class
NC_007018.1	Piccovirales	order
NC_007018.1	Parvoviridae	family
NC_007018.1	Parvovirinae	subfamily
NC_007018.1	Tetraparvovirus	genus
NC_007018.1	Primate tetraparvovirus 1	species
NC_038547.1	Ovine hokovirus	no rank
NC_038547.1	Viruses	superkingdom
NC_038547.1	Monodnaviria	clade
NC_038547.1	Shotokuvirae	kingdom
NC_038547.1	Cossaviricota	phylum
NC_038547.1	Quintoviricetes	class
NC_038547.1	Piccovirales	order
NC_038547.1	Parvoviridae	family
NC_038547.1	Parvovirinae	subfamily
NC_038547.1	Tetraparvovirus	genus
NC_038547.1	Ungulate tetraparvovirus 4	species
NC_022104.1	Porcine partetravirus	species
NC_022104.1	Viruses	superkingdom
NC_022104.1	Monodnaviria	clade
NC_022104.1	Shotokuvirae	kingdom
NC_022104.1	Cossaviricota	phylum
NC_022104.1	Quintoviricetes	class
NC_022104.1	Piccovirales	order
NC_022104.1	Parvoviridae	family
NC_022104.1	Parvovirinae	subfamily
NC_022104.1	unclassified Parvovirinae	no rank
NC_038546.1	Porcine hokovirus	no rank
NC_038546.1	Viruses	superkingdom
NC_038546.1	Monodnaviria	clade
NC_038546.1	Shotokuvirae	kingdom
NC_038546.1	Cossaviricota	phylum
NC_038546.1	Quintoviricetes	class
NC_038546.1	Piccovirales	order
NC_038546.1	Parvoviridae	family
NC_038546.1	Parvovirinae	subfamily
NC_038546.1	Tetraparvovirus	genus
NC_038546.1	Ungulate tetraparvovirus 2	species
NC_031670.1	Tetraparvovirus sp.	species
NC_031670.1	Viruses	superkingdom
NC_031670.1	Monodnaviria	clade
NC_031670.1	Shotokuvirae	kingdom
NC_031670.1	Cossaviricota	phylum
NC_031670.1	Quintoviricetes	class
NC_031670.1	Piccovirales	order
NC_031670.1	Parvoviridae	family
NC_031670.1	Parvovirinae	subfamily
NC_031670.1	Tetraparvovirus	genus
NC_031670.1	unclassified Tetraparvovirus	no rank
NC_038898.1	Bovine hokovirus 1	no rank
NC_038898.1	Viruses	superkingdom
NC_038898.1	Monodnaviria	clade
NC_038898.1	Shotokuvirae	kingdom
NC_038898.1	Cossaviricota	phylum
NC_038898.1	Quintoviricetes	class
NC_038898.1	Piccovirales	order
NC_038898.1	Parvoviridae	family
NC_038898.1	Parvovirinae	subfamily
NC_038898.1	Tetraparvovirus	genus
NC_038898.1	Ungulate tetraparvovirus 1	species
NC_028136.1	Ungulate tetraparvovirus 1	species
NC_028136.1	Viruses	superkingdom
NC_028136.1	Monodnaviria	clade
NC_028136.1	Shotokuvirae	kingdom
NC_028136.1	Cossaviricota	phylum
NC_028136.1	Quintoviricetes	class
NC_028136.1	Piccovirales	order
NC_028136.1	Parvoviridae	family
NC_028136.1	Parvovirinae	subfamily
NC_028136.1	Tetraparvovirus	genus
NC_038883.1	Parvovirus YX-2010/CHN	no rank
NC_038883.1	Viruses	superkingdom
NC_038883.1	Monodnaviria	clade
NC_038883.1	Shotokuvirae	kingdom
NC_038883.1	Cossaviricota	phylum
NC_038883.1	Quintoviricetes	class
NC_038883.1	Piccovirales	order
NC_038883.1	Parvoviridae	family
NC_038883.1	Parvovirinae	subfamily
NC_038883.1	Tetraparvovirus	genus
NC_038883.1	Ungulate tetraparvovirus 3	species
NC_038883.1	Porcine Cnvirus	no rank
NC_025965.1	Porcine parvovirus 2	no rank
NC_025965.1	Viruses	superkingdom
NC_025965.1	Monodnaviria	clade
NC_025965.1	Shotokuvirae	kingdom
NC_025965.1	Cossaviricota	phylum
NC_025965.1	Quintoviricetes	class
NC_025965.1	Piccovirales	order
NC_025965.1	Parvoviridae	family
NC_025965.1	Parvovirinae	subfamily
NC_025965.1	Tetraparvovirus	genus
NC_025965.1	Ungulate tetraparvovirus 3	species
NC_035180.1	Ungulate tetraparvovirus 3	species
NC_035180.1	Viruses	superkingdom
NC_035180.1	Monodnaviria	clade
NC_035180.1	Shotokuvirae	kingdom
NC_035180.1	Cossaviricota	phylum
NC_035180.1	Quintoviricetes	class
NC_035180.1	Piccovirales	order
NC_035180.1	Parvoviridae	family
NC_035180.1	Parvovirinae	subfamily
NC_035180.1	Tetraparvovirus	genus
NC_006147.2	Muscovy duck parvovirus	no rank
NC_006147.2	Viruses	superkingdom
NC_006147.2	Monodnaviria	clade
NC_006147.2	Shotokuvirae	kingdom
NC_006147.2	Cossaviricota	phylum
NC_006147.2	Quintoviricetes	class
NC_006147.2	Piccovirales	order
NC_006147.2	Parvoviridae	family
NC_006147.2	Parvovirinae	subfamily
NC_006147.2	Dependoparvovirus	genus
NC_006147.2	Anseriform dependoparvovirus 1	species
NC_001701.1	Goose parvovirus	no rank
NC_001701.1	Viruses	superkingdom
NC_001701.1	Monodnaviria	clade
NC_001701.1	Shotokuvirae	kingdom
NC_001701.1	Cossaviricota	phylum
NC_001701.1	Quintoviricetes	class
NC_001701.1	Piccovirales	order
NC_001701.1	Parvoviridae	family
NC_001701.1	Parvovirinae	subfamily
NC_001701.1	Dependoparvovirus	genus
NC_001701.1	Anseriform dependoparvovirus 1	species
NC_006152.1	adeno-associated virus 5	no rank
NC_006152.1	Viruses	superkingdom
NC_006152.1	Monodnaviria	clade
NC_006152.1	Shotokuvirae	kingdom
NC_006152.1	Cossaviricota	phylum
NC_006152.1	Quintoviricetes	class
NC_006152.1	Piccovirales	order
NC_006152.1	Parvoviridae	family
NC_006152.1	Parvovirinae	subfamily
NC_006152.1	Dependoparvovirus	genus
NC_006152.1	Adeno-associated dependoparvovirus B	species
NC_005889.1	Bovine adeno-associated virus	no rank
NC_005889.1	Viruses	superkingdom
NC_005889.1	Monodnaviria	clade
NC_005889.1	Shotokuvirae	kingdom
NC_005889.1	Cossaviricota	phylum
NC_005889.1	Quintoviricetes	class
NC_005889.1	Piccovirales	order
NC_005889.1	Parvoviridae	family
NC_005889.1	Parvovirinae	subfamily
NC_005889.1	Dependoparvovirus	genus
NC_005889.1	Adeno-associated dependoparvovirus B	species
NC_006261.1	Adeno-associated virus - 8	no rank
NC_006261.1	Viruses	superkingdom
NC_006261.1	Monodnaviria	clade
NC_006261.1	Shotokuvirae	kingdom
NC_006261.1	Cossaviricota	phylum
NC_006261.1	Quintoviricetes	class
NC_006261.1	Piccovirales	order
NC_006261.1	Parvoviridae	family
NC_006261.1	Parvovirinae	subfamily
NC_006261.1	Dependoparvovirus	genus
NC_006261.1	Adeno-associated dependoparvovirus A	species
NC_006261.1	unclassified Adeno-associated dependoparvovirus A	no rank
NC_006261.1	Adeno-associated virus - 4	no rank
NC_006260.1	Adeno-associated virus - 7	no rank
NC_006260.1	Viruses	superkingdom
NC_006260.1	Monodnaviria	clade
NC_006260.1	Shotokuvirae	kingdom
NC_006260.1	Cossaviricota	phylum
NC_006260.1	Quintoviricetes	class
NC_006260.1	Piccovirales	order
NC_006260.1	Parvoviridae	family
NC_006260.1	Parvovirinae	subfamily
NC_006260.1	Dependoparvovirus	genus
NC_006260.1	Adeno-associated dependoparvovirus A	species
NC_006260.1	unclassified Adeno-associated dependoparvovirus A	no rank
NC_006260.1	Adeno-associated virus - 4	no rank
NC_002077.1	Adeno-associated virus - 1	no rank
NC_002077.1	Viruses	superkingdom
NC_002077.1	Monodnaviria	clade
NC_002077.1	Shotokuvirae	kingdom
NC_002077.1	Cossaviricota	phylum
NC_002077.1	Quintoviricetes	class
NC_002077.1	Piccovirales	order
NC_002077.1	Parvoviridae	family
NC_002077.1	Parvovirinae	subfamily
NC_002077.1	Dependoparvovirus	genus
NC_002077.1	Adeno-associated dependoparvovirus A	species
NC_002077.1	unclassified Adeno-associated dependoparvovirus A	no rank
NC_001401.2	adeno-associated virus 2	no rank
NC_001401.2	Viruses	superkingdom
NC_001401.2	Monodnaviria	clade
NC_001401.2	Shotokuvirae	kingdom
NC_001401.2	Cossaviricota	phylum
NC_001401.2	Quintoviricetes	class
NC_001401.2	Piccovirales	order
NC_001401.2	Parvoviridae	family
NC_001401.2	Parvovirinae	subfamily
NC_001401.2	Dependoparvovirus	genus
NC_001401.2	Adeno-associated dependoparvovirus A	species
NC_001829.1	Adeno-associated virus - 4	no rank
NC_001829.1	Viruses	superkingdom
NC_001829.1	Monodnaviria	clade
NC_001829.1	Shotokuvirae	kingdom
NC_001829.1	Cossaviricota	phylum
NC_001829.1	Quintoviricetes	class
NC_001829.1	Piccovirales	order
NC_001829.1	Parvoviridae	family
NC_001829.1	Parvovirinae	subfamily
NC_001829.1	Dependoparvovirus	genus
NC_001829.1	Adeno-associated dependoparvovirus A	species
NC_001829.1	unclassified Adeno-associated dependoparvovirus A	no rank
NC_001729.1	Adeno-associated virus - 3	no rank
NC_001729.1	Viruses	superkingdom
NC_001729.1	Monodnaviria	clade
NC_001729.1	Shotokuvirae	kingdom
NC_001729.1	Cossaviricota	phylum
NC_001729.1	Quintoviricetes	class
NC_001729.1	Piccovirales	order
NC_001729.1	Parvoviridae	family
NC_001729.1	Parvovirinae	subfamily
NC_001729.1	Dependoparvovirus	genus
NC_001729.1	Adeno-associated dependoparvovirus A	species
NC_001729.1	unclassified Adeno-associated dependoparvovirus A	no rank
NC_038539.1	California sea lion adeno-associated virus 1	no rank
NC_038539.1	Viruses	superkingdom
NC_038539.1	Monodnaviria	clade
NC_038539.1	Shotokuvirae	kingdom
NC_038539.1	Cossaviricota	phylum
NC_038539.1	Quintoviricetes	class
NC_038539.1	Piccovirales	order
NC_038539.1	Parvoviridae	family
NC_038539.1	Parvovirinae	subfamily
NC_038539.1	Dependoparvovirus	genus
NC_038539.1	Pinniped dependoparvovirus 1	species
NC_014468.1	Bat adeno-associated virus YNM	no rank
NC_014468.1	Viruses	superkingdom
NC_014468.1	Monodnaviria	clade
NC_014468.1	Shotokuvirae	kingdom
NC_014468.1	Cossaviricota	phylum
NC_014468.1	Quintoviricetes	class
NC_014468.1	Piccovirales	order
NC_014468.1	Parvoviridae	family
NC_014468.1	Parvovirinae	subfamily
NC_014468.1	Dependoparvovirus	genus
NC_014468.1	Chiropteran dependoparvovirus 1	species
NC_006263.1	Avian adeno-associated virus strain DA-1	no rank
NC_006263.1	Viruses	superkingdom
NC_006263.1	Monodnaviria	clade
NC_006263.1	Shotokuvirae	kingdom
NC_006263.1	Cossaviricota	phylum
NC_006263.1	Quintoviricetes	class
NC_006263.1	Piccovirales	order
NC_006263.1	Parvoviridae	family
NC_006263.1	Parvovirinae	subfamily
NC_006263.1	Dependoparvovirus	genus
NC_006263.1	Avian dependoparvovirus 1	species
NC_004828.1	Avian adeno-associated virus ATCC VR-865	no rank
NC_004828.1	Viruses	superkingdom
NC_004828.1	Monodnaviria	clade
NC_004828.1	Shotokuvirae	kingdom
NC_004828.1	Cossaviricota	phylum
NC_004828.1	Quintoviricetes	class
NC_004828.1	Piccovirales	order
NC_004828.1	Parvoviridae	family
NC_004828.1	Parvovirinae	subfamily
NC_004828.1	Dependoparvovirus	genus
NC_004828.1	Avian dependoparvovirus 1	species
NC_040671.1	Adeno-associated virus	species
NC_040671.1	Viruses	superkingdom
NC_040671.1	Monodnaviria	clade
NC_040671.1	Shotokuvirae	kingdom
NC_040671.1	Cossaviricota	phylum
NC_040671.1	Quintoviricetes	class
NC_040671.1	Piccovirales	order
NC_040671.1	Parvoviridae	family
NC_040671.1	Parvovirinae	subfamily
NC_040671.1	Dependoparvovirus	genus
NC_040671.1	unclassified Dependoparvovirus	no rank
NC_055485.1	Murine adeno-associated virus 1	no rank
NC_055485.1	Viruses	superkingdom
NC_055485.1	Monodnaviria	clade
NC_055485.1	Shotokuvirae	kingdom
NC_055485.1	Cossaviricota	phylum
NC_055485.1	Quintoviricetes	class
NC_055485.1	Piccovirales	order
NC_055485.1	Parvoviridae	family
NC_055485.1	Parvovirinae	subfamily
NC_055485.1	Dependoparvovirus	genus
NC_055485.1	Rodent dependoparvovirus 1	species
NC_055486.1	Murine adeno-associated virus 2	no rank
NC_055486.1	Viruses	superkingdom
NC_055486.1	Monodnaviria	clade
NC_055486.1	Shotokuvirae	kingdom
NC_055486.1	Cossaviricota	phylum
NC_055486.1	Quintoviricetes	class
NC_055486.1	Piccovirales	order
NC_055486.1	Parvoviridae	family
NC_055486.1	Parvovirinae	subfamily
NC_055486.1	Dependoparvovirus	genus
NC_055486.1	Rodent dependoparvovirus 2	species
NC_027429.1	Bearded dragon parvovirus	no rank
NC_027429.1	Viruses	superkingdom
NC_027429.1	Monodnaviria	clade
NC_027429.1	Shotokuvirae	kingdom
NC_027429.1	Cossaviricota	phylum
NC_027429.1	Quintoviricetes	class
NC_027429.1	Piccovirales	order
NC_027429.1	Parvoviridae	family
NC_027429.1	Parvovirinae	subfamily
NC_027429.1	Dependoparvovirus	genus
NC_027429.1	Squamate dependoparvovirus 2	species
NC_006148.1	Snake adeno-associated virus	no rank
NC_006148.1	Viruses	superkingdom
NC_006148.1	Monodnaviria	clade
NC_006148.1	Shotokuvirae	kingdom
NC_006148.1	Cossaviricota	phylum
NC_006148.1	Quintoviricetes	class
NC_006148.1	Piccovirales	order
NC_006148.1	Parvoviridae	family
NC_006148.1	Parvovirinae	subfamily
NC_006148.1	Dependoparvovirus	genus
NC_006148.1	Squamate dependoparvovirus 1	species
NC_023020.1	Porcine parvovirus 5	species
NC_023020.1	Viruses	superkingdom
NC_023020.1	Monodnaviria	clade
NC_023020.1	Shotokuvirae	kingdom
NC_023020.1	Cossaviricota	phylum
NC_023020.1	Quintoviricetes	class
NC_023020.1	Piccovirales	order
NC_023020.1	Parvoviridae	family
NC_023020.1	Parvovirinae	subfamily
NC_023020.1	Protoparvovirus	genus
NC_023020.1	unclassified Protoparvovirus	no rank
NC_014665.1	Porcine parvovirus 4	no rank
NC_014665.1	Viruses	superkingdom
NC_014665.1	Monodnaviria	clade
NC_014665.1	Shotokuvirae	kingdom
NC_014665.1	Cossaviricota	phylum
NC_014665.1	Quintoviricetes	class
NC_014665.1	Piccovirales	order
NC_014665.1	Parvoviridae	family
NC_014665.1	Parvovirinae	subfamily
NC_014665.1	Copiparvovirus	genus
NC_014665.1	Ungulate copiparvovirus 2	species
NC_023860.1	Porcine parvovirus 6	no rank
NC_023860.1	Viruses	superkingdom
NC_023860.1	Monodnaviria	clade
NC_023860.1	Shotokuvirae	kingdom
NC_023860.1	Cossaviricota	phylum
NC_023860.1	Quintoviricetes	class
NC_023860.1	Piccovirales	order
NC_023860.1	Parvoviridae	family
NC_023860.1	Parvovirinae	subfamily
NC_023860.1	Copiparvovirus	genus
NC_023860.1	Ungulate copiparvovirus 4	species
NC_031959.2	Bosavirus MS-2016a	no rank
NC_031959.2	Viruses	superkingdom
NC_031959.2	Monodnaviria	clade
NC_031959.2	Shotokuvirae	kingdom
NC_031959.2	Cossaviricota	phylum
NC_031959.2	Quintoviricetes	class
NC_031959.2	Piccovirales	order
NC_031959.2	Parvoviridae	family
NC_031959.2	Parvovirinae	subfamily
NC_031959.2	Copiparvovirus	genus
NC_031959.2	Ungulate copiparvovirus 5	species
NC_055518.1	Roe deer copiparvovirus	no rank
NC_055518.1	Viruses	superkingdom
NC_055518.1	Monodnaviria	clade
NC_055518.1	Shotokuvirae	kingdom
NC_055518.1	Cossaviricota	phylum
NC_055518.1	Quintoviricetes	class
NC_055518.1	Piccovirales	order
NC_055518.1	Parvoviridae	family
NC_055518.1	Parvovirinae	subfamily
NC_055518.1	Copiparvovirus	genus
NC_055518.1	Ungulate copiparvovirus 3	species
NC_006259.1	Bovine parvovirus - 2	no rank
NC_006259.1	Viruses	superkingdom
NC_006259.1	Monodnaviria	clade
NC_006259.1	Shotokuvirae	kingdom
NC_006259.1	Cossaviricota	phylum
NC_006259.1	Quintoviricetes	class
NC_006259.1	Piccovirales	order
NC_006259.1	Parvoviridae	family
NC_006259.1	Parvovirinae	subfamily
NC_006259.1	Copiparvovirus	genus
NC_006259.1	Ungulate copiparvovirus 1	species
NC_004295.1	Human erythrovirus V9	species
NC_004295.1	Viruses	superkingdom
NC_004295.1	Monodnaviria	clade
NC_004295.1	Shotokuvirae	kingdom
NC_004295.1	Cossaviricota	phylum
NC_004295.1	Quintoviricetes	class
NC_004295.1	Piccovirales	order
NC_004295.1	Parvoviridae	family
NC_004295.1	Parvovirinae	subfamily
NC_004295.1	Erythroparvovirus	genus
NC_004295.1	unclassified Erythroparvovirus	no rank
NC_000883.2	Human parvovirus B19	no rank
NC_000883.2	Viruses	superkingdom
NC_000883.2	Monodnaviria	clade
NC_000883.2	Shotokuvirae	kingdom
NC_000883.2	Cossaviricota	phylum
NC_000883.2	Quintoviricetes	class
NC_000883.2	Piccovirales	order
NC_000883.2	Parvoviridae	family
NC_000883.2	Parvovirinae	subfamily
NC_000883.2	Erythroparvovirus	genus
NC_000883.2	Primate erythroparvovirus 1	species
NC_038542.1	Pig-tailed macaque parvovirus	no rank
NC_038542.1	Viruses	superkingdom
NC_038542.1	Monodnaviria	clade
NC_038542.1	Shotokuvirae	kingdom
NC_038542.1	Cossaviricota	phylum
NC_038542.1	Quintoviricetes	class
NC_038542.1	Piccovirales	order
NC_038542.1	Parvoviridae	family
NC_038542.1	Parvovirinae	subfamily
NC_038542.1	Erythroparvovirus	genus
NC_038542.1	Primate erythroparvovirus 4	species
NC_038540.1	Simian parvovirus	no rank
NC_038540.1	Viruses	superkingdom
NC_038540.1	Monodnaviria	clade
NC_038540.1	Shotokuvirae	kingdom
NC_038540.1	Cossaviricota	phylum
NC_038540.1	Quintoviricetes	class
NC_038540.1	Piccovirales	order
NC_038540.1	Parvoviridae	family
NC_038540.1	Parvovirinae	subfamily
NC_038540.1	Erythroparvovirus	genus
NC_038540.1	Primate erythroparvovirus 2	species
NC_038541.1	Rhesus macaque parvovirus	no rank
NC_038541.1	Viruses	superkingdom
NC_038541.1	Monodnaviria	clade
NC_038541.1	Shotokuvirae	kingdom
NC_038541.1	Cossaviricota	phylum
NC_038541.1	Quintoviricetes	class
NC_038541.1	Piccovirales	order
NC_038541.1	Parvoviridae	family
NC_038541.1	Parvovirinae	subfamily
NC_038541.1	Erythroparvovirus	genus
NC_038541.1	Primate erythroparvovirus 3	species
NC_038543.1	Chipmunk parvovirus	no rank
NC_038543.1	Viruses	superkingdom
NC_038543.1	Monodnaviria	clade
NC_038543.1	Shotokuvirae	kingdom
NC_038543.1	Cossaviricota	phylum
NC_038543.1	Quintoviricetes	class
NC_038543.1	Piccovirales	order
NC_038543.1	Parvoviridae	family
NC_038543.1	Parvovirinae	subfamily
NC_038543.1	Erythroparvovirus	genus
NC_038543.1	Rodent erythroparvovirus 1	species
NC_037053.1	Bovine parvovirus 3	no rank
NC_037053.1	Viruses	superkingdom
NC_037053.1	Monodnaviria	clade
NC_037053.1	Shotokuvirae	kingdom
NC_037053.1	Cossaviricota	phylum
NC_037053.1	Quintoviricetes	class
NC_037053.1	Piccovirales	order
NC_037053.1	Parvoviridae	family
NC_037053.1	Parvovirinae	subfamily
NC_037053.1	Erythroparvovirus	genus
NC_037053.1	Ungulate erythroparvovirus 1	species
NC_016752.1	Artibeus jamaicensis parvovirus 1	species
NC_016752.1	Viruses	superkingdom
NC_016752.1	Monodnaviria	clade
NC_016752.1	Shotokuvirae	kingdom
NC_016752.1	Cossaviricota	phylum
NC_016752.1	Quintoviricetes	class
NC_016752.1	Piccovirales	order
NC_016752.1	Parvoviridae	family
NC_016752.1	Parvovirinae	subfamily
NC_016752.1	unclassified Parvovirinae	no rank
NC_025891.1	Slow loris parvovirus 1	species
NC_025891.1	Viruses	superkingdom
NC_025891.1	Monodnaviria	clade
NC_025891.1	Shotokuvirae	kingdom
NC_025891.1	Cossaviricota	phylum
NC_025891.1	Quintoviricetes	class
NC_025891.1	Piccovirales	order
NC_025891.1	Parvoviridae	family
NC_025891.1	unclassified Parvoviridae	no rank
NC_055458.1	Seal parvovirus	no rank
NC_055458.1	Viruses	superkingdom
NC_055458.1	Monodnaviria	clade
NC_055458.1	Shotokuvirae	kingdom
NC_055458.1	Cossaviricota	phylum
NC_055458.1	Quintoviricetes	class
NC_055458.1	Piccovirales	order
NC_055458.1	Parvoviridae	family
NC_055458.1	Parvovirinae	subfamily
NC_055458.1	Erythroparvovirus	genus
NC_055458.1	Pinniped erythroparvovirus 1	species
NC_040652.1	Equine parvovirus H	species
NC_040652.1	Viruses	superkingdom
NC_040652.1	Monodnaviria	clade
NC_040652.1	Shotokuvirae	kingdom
NC_040652.1	Cossaviricota	phylum
NC_040652.1	Quintoviricetes	class
NC_040652.1	Piccovirales	order
NC_040652.1	Parvoviridae	family
NC_040652.1	Parvovirinae	subfamily
NC_040652.1	unclassified Parvovirinae	no rank
NC_026251.1	Sesavirus CSL10538	species
NC_026251.1	Viruses	superkingdom
NC_026251.1	Monodnaviria	clade
NC_026251.1	Shotokuvirae	kingdom
NC_026251.1	Cossaviricota	phylum
NC_026251.1	Quintoviricetes	class
NC_026251.1	Piccovirales	order
NC_026251.1	Parvoviridae	family
NC_026251.1	unclassified Parvoviridae	no rank
NC_024888.1	Bufavirus-3	species
NC_024888.1	Viruses	superkingdom
NC_024888.1	Monodnaviria	clade
NC_024888.1	Shotokuvirae	kingdom
NC_024888.1	Cossaviricota	phylum
NC_024888.1	Quintoviricetes	class
NC_024888.1	Piccovirales	order
NC_024888.1	Parvoviridae	family
NC_024888.1	Parvovirinae	subfamily
NC_024888.1	unclassified Parvovirinae	no rank
NC_038544.1	Primate protoparvovirus 1	species
NC_038544.1	Viruses	superkingdom
NC_038544.1	Monodnaviria	clade
NC_038544.1	Shotokuvirae	kingdom
NC_038544.1	Cossaviricota	phylum
NC_038544.1	Quintoviricetes	class
NC_038544.1	Piccovirales	order
NC_038544.1	Parvoviridae	family
NC_038544.1	Parvovirinae	subfamily
NC_038544.1	Protoparvovirus	genus
NC_028650.1	Rat bufavirus SY-2015	no rank
NC_028650.1	Viruses	superkingdom
NC_028650.1	Monodnaviria	clade
NC_028650.1	Shotokuvirae	kingdom
NC_028650.1	Cossaviricota	phylum
NC_028650.1	Quintoviricetes	class
NC_028650.1	Piccovirales	order
NC_028650.1	Parvoviridae	family
NC_028650.1	Parvovirinae	subfamily
NC_028650.1	Protoparvovirus	genus
NC_028650.1	Rodent protoparvovirus 3	species
NC_026815.1	Eulipotyphla protoparvovirus 1	species
NC_026815.1	Viruses	superkingdom
NC_026815.1	Monodnaviria	clade
NC_026815.1	Shotokuvirae	kingdom
NC_026815.1	Cossaviricota	phylum
NC_026815.1	Quintoviricetes	class
NC_026815.1	Piccovirales	order
NC_026815.1	Parvoviridae	family
NC_026815.1	Parvovirinae	subfamily
NC_026815.1	Protoparvovirus	genus
NC_029797.1	Megabat bufavirus 1	no rank
NC_029797.1	Viruses	superkingdom
NC_029797.1	Monodnaviria	clade
NC_029797.1	Shotokuvirae	kingdom
NC_029797.1	Cossaviricota	phylum
NC_029797.1	Quintoviricetes	class
NC_029797.1	Piccovirales	order
NC_029797.1	Parvoviridae	family
NC_029797.1	Parvovirinae	subfamily
NC_029797.1	Protoparvovirus	genus
NC_029797.1	Chiropteran protoparvovirus 1	species
NC_039049.1	Wuharv parvovirus 1	no rank
NC_039049.1	Viruses	superkingdom
NC_039049.1	Monodnaviria	clade
NC_039049.1	Shotokuvirae	kingdom
NC_039049.1	Cossaviricota	phylum
NC_039049.1	Quintoviricetes	class
NC_039049.1	Piccovirales	order
NC_039049.1	Parvoviridae	family
NC_039049.1	Parvovirinae	subfamily
NC_039049.1	Protoparvovirus	genus
NC_039049.1	Primate protoparvovirus 2	species
NC_043446.1	Protoparvovirus Zsana/2013/HUN	no rank
NC_043446.1	Viruses	superkingdom
NC_043446.1	Monodnaviria	clade
NC_043446.1	Shotokuvirae	kingdom
NC_043446.1	Cossaviricota	phylum
NC_043446.1	Quintoviricetes	class
NC_043446.1	Piccovirales	order
NC_043446.1	Parvoviridae	family
NC_043446.1	Parvovirinae	subfamily
NC_043446.1	Protoparvovirus	genus
NC_043446.1	Ungulate protoparvovirus 2	species
NC_001718.1	Porcine parvovirus	no rank
NC_001718.1	Viruses	superkingdom
NC_001718.1	Monodnaviria	clade
NC_001718.1	Shotokuvirae	kingdom
NC_001718.1	Cossaviricota	phylum
NC_001718.1	Quintoviricetes	class
NC_001718.1	Piccovirales	order
NC_001718.1	Parvoviridae	family
NC_001718.1	Parvovirinae	subfamily
NC_001718.1	Protoparvovirus	genus
NC_001718.1	Ungulate protoparvovirus 1	species
NC_001539.1	Canine parvovirus	no rank
NC_001539.1	Viruses	superkingdom
NC_001539.1	Monodnaviria	clade
NC_001539.1	Shotokuvirae	kingdom
NC_001539.1	Cossaviricota	phylum
NC_001539.1	Quintoviricetes	class
NC_001539.1	Piccovirales	order
NC_001539.1	Parvoviridae	family
NC_001539.1	Parvovirinae	subfamily
NC_001539.1	Protoparvovirus	genus
NC_001539.1	Carnivore protoparvovirus 1	species
NC_038545.1	Rat parvovirus 1	no rank
NC_038545.1	Viruses	superkingdom
NC_038545.1	Monodnaviria	clade
NC_038545.1	Shotokuvirae	kingdom
NC_038545.1	Cossaviricota	phylum
NC_038545.1	Quintoviricetes	class
NC_038545.1	Piccovirales	order
NC_038545.1	Parvoviridae	family
NC_038545.1	Parvovirinae	subfamily
NC_038545.1	Protoparvovirus	genus
NC_038545.1	Rodent protoparvovirus 2	species
NC_001510.1	Minute virus of mice	no rank
NC_001510.1	Viruses	superkingdom
NC_001510.1	Monodnaviria	clade
NC_001510.1	Shotokuvirae	kingdom
NC_001510.1	Cossaviricota	phylum
NC_001510.1	Quintoviricetes	class
NC_001510.1	Piccovirales	order
NC_001510.1	Parvoviridae	family
NC_001510.1	Parvovirinae	subfamily
NC_001510.1	Protoparvovirus	genus
NC_001510.1	Rodent protoparvovirus 1	species
NC_025825.1	Raccoon dog amdovirus	no rank
NC_025825.1	Viruses	superkingdom
NC_025825.1	Monodnaviria	clade
NC_025825.1	Shotokuvirae	kingdom
NC_025825.1	Cossaviricota	phylum
NC_025825.1	Quintoviricetes	class
NC_025825.1	Piccovirales	order
NC_025825.1	Parvoviridae	family
NC_025825.1	Parvovirinae	subfamily
NC_025825.1	Amdoparvovirus	genus
NC_025825.1	Carnivore amdoparvovirus 3	species
NC_031751.1	Amdoparvovirus sp.	species
NC_031751.1	Viruses	superkingdom
NC_031751.1	Monodnaviria	clade
NC_031751.1	Shotokuvirae	kingdom
NC_031751.1	Cossaviricota	phylum
NC_031751.1	Quintoviricetes	class
NC_031751.1	Piccovirales	order
NC_031751.1	Parvoviridae	family
NC_031751.1	Parvovirinae	subfamily
NC_031751.1	Amdoparvovirus	genus
NC_031751.1	unclassified Amdoparvovirus	no rank
NC_001662.1	Aleutian mink disease virus	no rank
NC_001662.1	Viruses	superkingdom
NC_001662.1	Monodnaviria	clade
NC_001662.1	Shotokuvirae	kingdom
NC_001662.1	Cossaviricota	phylum
NC_001662.1	Quintoviricetes	class
NC_001662.1	Piccovirales	order
NC_001662.1	Parvoviridae	family
NC_001662.1	Parvovirinae	subfamily
NC_001662.1	Amdoparvovirus	genus
NC_001662.1	Carnivore amdoparvovirus 1	species
NC_034445.1	Skunk amdoparvovirus	no rank
NC_034445.1	Viruses	superkingdom
NC_034445.1	Monodnaviria	clade
NC_034445.1	Shotokuvirae	kingdom
NC_034445.1	Cossaviricota	phylum
NC_034445.1	Quintoviricetes	class
NC_034445.1	Piccovirales	order
NC_034445.1	Parvoviridae	family
NC_034445.1	Parvovirinae	subfamily
NC_034445.1	Amdoparvovirus	genus
NC_034445.1	Carnivore amdoparvovirus 4	species
NC_038533.1	Gray fox amdovirus	no rank
NC_038533.1	Viruses	superkingdom
NC_038533.1	Monodnaviria	clade
NC_038533.1	Shotokuvirae	kingdom
NC_038533.1	Cossaviricota	phylum
NC_038533.1	Quintoviricetes	class
NC_038533.1	Piccovirales	order
NC_038533.1	Parvoviridae	family
NC_038533.1	Parvovirinae	subfamily
NC_038533.1	Amdoparvovirus	genus
NC_038533.1	Carnivore amdoparvovirus 2	species
NC_040562.1	Porcine parvovirus 7	no rank
NC_040562.1	Viruses	superkingdom
NC_040562.1	Monodnaviria	clade
NC_040562.1	Shotokuvirae	kingdom
NC_040562.1	Cossaviricota	phylum
NC_040562.1	Quintoviricetes	class
NC_040562.1	Piccovirales	order
NC_040562.1	Parvoviridae	family
NC_040562.1	Hamaparvovirinae	subfamily
NC_040562.1	Chaphamaparvovirus	genus
NC_040562.1	Ungulate chaphamaparvovirus 1	species
NC_055465.1	Rat parvovirus 2	no rank
NC_055465.1	Viruses	superkingdom
NC_055465.1	Monodnaviria	clade
NC_055465.1	Shotokuvirae	kingdom
NC_055465.1	Cossaviricota	phylum
NC_055465.1	Quintoviricetes	class
NC_055465.1	Piccovirales	order
NC_055465.1	Parvoviridae	family
NC_055465.1	Hamaparvovirinae	subfamily
NC_055465.1	Chaphamaparvovirus	genus
NC_055465.1	Rodent chaphamaparvovirus 2	species
NC_040843.1	Mouse kidney parvovirus	no rank
NC_040843.1	Viruses	superkingdom
NC_040843.1	Monodnaviria	clade
NC_040843.1	Shotokuvirae	kingdom
NC_040843.1	Cossaviricota	phylum
NC_040843.1	Quintoviricetes	class
NC_040843.1	Piccovirales	order
NC_040843.1	Parvoviridae	family
NC_040843.1	Hamaparvovirinae	subfamily
NC_040843.1	Chaphamaparvovirus	genus
NC_040843.1	Rodent chaphamaparvovirus 1	species
NC_032097.1	Desmodus rotundus parvovirus	species
NC_032097.1	Viruses	superkingdom
NC_032097.1	Monodnaviria	clade
NC_032097.1	Shotokuvirae	kingdom
NC_032097.1	Cossaviricota	phylum
NC_032097.1	Quintoviricetes	class
NC_032097.1	Piccovirales	order
NC_032097.1	Parvoviridae	family
NC_032097.1	unclassified Parvoviridae	no rank
NC_055527.1	Syngnathus scovelli chapparvovirus	no rank
NC_055527.1	Viruses	superkingdom
NC_055527.1	Monodnaviria	clade
NC_055527.1	Shotokuvirae	kingdom
NC_055527.1	Cossaviricota	phylum
NC_055527.1	Quintoviricetes	class
NC_055527.1	Piccovirales	order
NC_055527.1	Parvoviridae	family
NC_055527.1	Hamaparvovirinae	subfamily
NC_055527.1	Ichthamaparvovirus	genus
NC_055527.1	Syngnathid ichthamaparvovirus 1	species
NC_022564.1	Acheta domestica mini ambidensovirus	no rank
NC_022564.1	Viruses	superkingdom
NC_022564.1	Monodnaviria	clade
NC_022564.1	Shotokuvirae	kingdom
NC_022564.1	Cossaviricota	phylum
NC_022564.1	Quintoviricetes	class
NC_022564.1	Piccovirales	order
NC_022564.1	Parvoviridae	family
NC_022564.1	Densovirinae	subfamily
NC_022564.1	Miniambidensovirus	genus
NC_022564.1	Orthopteran miniambidensovirus 1	species
NC_011317.1	Anopheles gambiae densovirus	no rank
NC_011317.1	Viruses	superkingdom
NC_011317.1	Monodnaviria	clade
NC_011317.1	Shotokuvirae	kingdom
NC_011317.1	Cossaviricota	phylum
NC_011317.1	Quintoviricetes	class
NC_011317.1	Piccovirales	order
NC_011317.1	Parvoviridae	family
NC_011317.1	Hamaparvovirinae	subfamily
NC_011317.1	Brevihamaparvovirus	genus
NC_011317.1	Dipteran brevihamaparvovirus 1	species
NC_012636.1	Aedes aegypti densovirus 2	no rank
NC_012636.1	Viruses	superkingdom
NC_012636.1	Monodnaviria	clade
NC_012636.1	Shotokuvirae	kingdom
NC_012636.1	Cossaviricota	phylum
NC_012636.1	Quintoviricetes	class
NC_012636.1	Piccovirales	order
NC_012636.1	Parvoviridae	family
NC_012636.1	Hamaparvovirinae	subfamily
NC_012636.1	Brevihamaparvovirus	genus
NC_012636.1	Dipteran brevihamaparvovirus 1	species
NC_012636.1	Aedes albopictus densovirus	no rank
NC_015115.1	Mosquito densovirus BR/07	species
NC_015115.1	Viruses	superkingdom
NC_015115.1	Monodnaviria	clade
NC_015115.1	Shotokuvirae	kingdom
NC_015115.1	Cossaviricota	phylum
NC_015115.1	Quintoviricetes	class
NC_015115.1	Piccovirales	order
NC_015115.1	Parvoviridae	family
NC_015115.1	Densovirinae	subfamily
NC_015115.1	Brevidensovirus	genus
NC_015115.1	unclassified Brevidensovirus	no rank
NC_004285.1	Aedes albopictus densovirus 2	no rank
NC_004285.1	Viruses	superkingdom
NC_004285.1	Monodnaviria	clade
NC_004285.1	Shotokuvirae	kingdom
NC_004285.1	Cossaviricota	phylum
NC_004285.1	Quintoviricetes	class
NC_004285.1	Piccovirales	order
NC_004285.1	Parvoviridae	family
NC_004285.1	Hamaparvovirinae	subfamily
NC_004285.1	Brevihamaparvovirus	genus
NC_004285.1	Dipteran brevihamaparvovirus 2	species
NC_007218.1	Penaeus monodon hepandensovirus 1	no rank
NC_007218.1	Viruses	superkingdom
NC_007218.1	Monodnaviria	clade
NC_007218.1	Shotokuvirae	kingdom
NC_007218.1	Cossaviricota	phylum
NC_007218.1	Quintoviricetes	class
NC_007218.1	Piccovirales	order
NC_007218.1	Parvoviridae	family
NC_007218.1	Densovirinae	subfamily
NC_007218.1	Hepandensovirus	genus
NC_007218.1	Decapod hepandensovirus 1	species
NC_011545.2	Penaeus monodon hepandensovirus 4	no rank
NC_011545.2	Viruses	superkingdom
NC_011545.2	Monodnaviria	clade
NC_011545.2	Shotokuvirae	kingdom
NC_011545.2	Cossaviricota	phylum
NC_011545.2	Quintoviricetes	class
NC_011545.2	Piccovirales	order
NC_011545.2	Parvoviridae	family
NC_011545.2	Densovirinae	subfamily
NC_011545.2	Hepandensovirus	genus
NC_011545.2	Decapod hepandensovirus 1	species
NC_014357.1	Fenneropenaeus chinensis hepandensovirus	no rank
NC_014357.1	Viruses	superkingdom
NC_014357.1	Monodnaviria	clade
NC_014357.1	Shotokuvirae	kingdom
NC_014357.1	Cossaviricota	phylum
NC_014357.1	Quintoviricetes	class
NC_014357.1	Piccovirales	order
NC_014357.1	Parvoviridae	family
NC_014357.1	Hamaparvovirinae	subfamily
NC_014357.1	Hepanhamaparvovirus	genus
NC_014357.1	Decapod hepanhamaparvovirus 1	species
NC_001540.1	Bovine parvovirus	no rank
NC_001540.1	Viruses	superkingdom
NC_001540.1	Monodnaviria	clade
NC_001540.1	Shotokuvirae	kingdom
NC_001540.1	Cossaviricota	phylum
NC_001540.1	Quintoviricetes	class
NC_001540.1	Piccovirales	order
NC_001540.1	Parvoviridae	family
NC_001540.1	Parvovirinae	subfamily
NC_001540.1	Bocaparvovirus	genus
NC_001540.1	Ungulate bocaparvovirus 1	species
NC_004289.1	Planococcus citri densovirus	no rank
NC_004289.1	Viruses	superkingdom
NC_004289.1	Monodnaviria	clade
NC_004289.1	Shotokuvirae	kingdom
NC_004289.1	Cossaviricota	phylum
NC_004289.1	Quintoviricetes	class
NC_004289.1	Piccovirales	order
NC_004289.1	Parvoviridae	family
NC_004289.1	Densovirinae	subfamily
NC_004289.1	Scindoambidensovirus	genus
NC_004289.1	Hemipteran scindoambidensovirus 1	species
NC_016744.1	Eidolon helvum (bat) parvovirus	no rank
NC_016744.1	Viruses	superkingdom
NC_016744.1	Monodnaviria	clade
NC_016744.1	Shotokuvirae	kingdom
NC_016744.1	Cossaviricota	phylum
NC_016744.1	Quintoviricetes	class
NC_016744.1	Piccovirales	order
NC_016744.1	Parvoviridae	family
NC_016744.1	Parvovirinae	subfamily
NC_016744.1	Tetraparvovirus	genus
NC_016744.1	Chiropteran tetraparvovirus 1	species
NC_022089.1	Parvovirus NIH-CQV	species
NC_022089.1	Viruses	superkingdom
NC_022089.1	Monodnaviria	clade
NC_022089.1	Shotokuvirae	kingdom
NC_022089.1	Cossaviricota	phylum
NC_022089.1	Quintoviricetes	class
NC_022089.1	Piccovirales	order
NC_022089.1	Parvoviridae	family
NC_022089.1	Parvovirinae	subfamily
NC_022089.1	unclassified Parvovirinae	no rank
NC_030837.1	Sea otter parvovirus 1	species
NC_030837.1	Viruses	superkingdom
NC_030837.1	Monodnaviria	clade
NC_030837.1	Shotokuvirae	kingdom
NC_030837.1	Cossaviricota	phylum
NC_030837.1	Quintoviricetes	class
NC_030837.1	Piccovirales	order
NC_030837.1	Parvoviridae	family
NC_030837.1	unclassified Parvoviridae	no rank
NC_038537.1	Bocavirus pig/SX/China/2010	no rank
NC_038537.1	Viruses	superkingdom
NC_038537.1	Monodnaviria	clade
NC_038537.1	Shotokuvirae	kingdom
NC_038537.1	Cossaviricota	phylum
NC_038537.1	Quintoviricetes	class
NC_038537.1	Piccovirales	order
NC_038537.1	Parvoviridae	family
NC_038537.1	Parvovirinae	subfamily
NC_038537.1	Bocaparvovirus	genus
NC_038537.1	Ungulate bocaparvovirus 3	species
NC_038537.1	Porcine bocavirus SX	no rank
NC_039046.1	Bat bocavirus WM40	no rank
NC_039046.1	Viruses	superkingdom
NC_039046.1	Monodnaviria	clade
NC_039046.1	Shotokuvirae	kingdom
NC_039046.1	Cossaviricota	phylum
NC_039046.1	Quintoviricetes	class
NC_039046.1	Piccovirales	order
NC_039046.1	Parvoviridae	family
NC_039046.1	Parvovirinae	subfamily
NC_039046.1	Bocaparvovirus	genus
NC_039046.1	Chiropteran bocaparvovirus 2	species
NC_039050.1	Cutavirus	no rank
NC_039050.1	Viruses	superkingdom
NC_039050.1	Monodnaviria	clade
NC_039050.1	Shotokuvirae	kingdom
NC_039050.1	Cossaviricota	phylum
NC_039050.1	Quintoviricetes	class
NC_039050.1	Piccovirales	order
NC_039050.1	Parvoviridae	family
NC_039050.1	Parvovirinae	subfamily
NC_039050.1	Protoparvovirus	genus
NC_039050.1	Primate protoparvovirus 3	species
